country,year,voter_turnout,population_millions,gdp_per_capita,unemployment_rate,compulsory_voting,years_eu_membership,corruption_index,urbanization_rate,median_age,eu_net_beneficiary,weekend_voting
BE,1979,91.36,,11810.6158754725,,1,21,,74.322408522204,33.8,1,1
DE,1979,65.73,,11322.3543443813,,0,21,,79.9010417614138,36.7,0,1
DK,1979,47.82,,13757.2343740839,,0,6,,83.5415443450597,33.8,0,1
FR,1979,60.71,,11062.5731730373,,0,21,,73.2106388615716,,0,1
IE,1979,63.61,,5429.96200087479,,0,6,,55.1962073982082,26.5,0,0
IT,1979,85.65,,7006.39699054556,,0,21,,66.7446863920592,33.7,0,1
LU,1979,88.91,,15204.3308191994,,1,21,,79.9876179763701,35.1,1,1
NL,1979,58.12,,12817.3790153401,,0,21,,64.8118155336277,30.8,0,0
BE,1984,92.09,,8846.23429846974,,1,26,,75.9032404323239,34.7,1,1
DE,1984,56.76,,9900.48559233526,,0,26,,79.956268664942,37.1,0,1
DK,1984,52.38,,11796.5691955784,,0,11,,84.2721445979129,35.3,0,1
EL,1984,80.59,,4950.06026518761,,1,3,,70.2569459488594,34.7,1,1
FR,1984,56.72,,9862.28449386586,,0,26,,73.4180335490284,,0,1
IE,1984,47.56,,5915.24177164341,,0,11,,56.0017381748838,26.7,0,0
IT,1984,82.47,,7850.62789042275,,0,26,,66.8849239308828,34.8,0,1
LU,1984,88.79,,12374.0304234408,,1,26,,80.6002239770629,35.3,1,1
NL,1984,50.88,,,,0,26,,66.9212225491404,32.2,0,0
BE,1989,90.73,,16391.093827791,,1,31,,77.8144345775361,35.7,1,1
DE,1989,62.28,,17996.9783507619,,0,31,,79.9999740753505,38.2,0,1
DK,1989,46.17,,22524.5792595476,,0,16,,84.8071769133325,36.6,0,1
EL,1989,80.03,,7492.35204811251,,1,8,,71.191002741708,35.5,1,1
ES,1989,54.71,,9696.1928538538,,0,3,,74.3709231199409,32.6,0,1
FR,1989,48.8,,17549.6440487161,,0,31,,73.8329418235332,,0,1
IE,1989,68.28,,10715.8702780539,,0,16,,56.6660711580872,28.1,0,0
IT,1989,81.07,,15780.9495122174,,0,31,,66.7512501282587,36.3,0,1
LU,1989,87.39,,25219.3542781732,,1,31,,80.7996431570829,36.2,1,1
NL,1989,47.48,,17770.6162376388,,0,31,,68.4297717390978,33.8,0,0
PT,1989,51.1,,5623.69699982123,,0,3,,46.4649972272877,32.7,1,1
BE,1994,90.66,,22283.9360213551,,1,36,,79.6385319631731,36.8,1,1
DE,1994,60.02,,25616.6508772405,,0,36,,80.0325583093694,37.8,0,1
DK,1994,52.92,,27581.7241097459,,0,21,,84.9196035564477,37.4,0,1
EL,1994,73.18,,10257.3085789073,,1,13,,71.8845576676716,36.6,1,1
ES,1994,59.14,,13330.3798192211,,0,8,,75.3443453546763,34.4,0,1
FR,1994,52.71,,22238.8250618434,,0,36,,74.6168782336776,35.3,0,1
IE,1994,43.98,,14657.0615549805,,0,21,,57.4647494894716,30.1,0,0
IT,1994,73.6,,18781.9529427137,,0,36,,66.7268353013949,37.9,0,1
LU,1994,88.55,,40066.7242518773,,1,36,,81.4647504350596,36.5,1,1
NL,1994,35.69,,23156.4404444568,,0,36,,69.7586743487312,35.2,0,0
PT,1994,35.54,,9534.6563637308,,0,8,,49.6589521380037,35.2,1,1
AT,1999,49.4,,27212.4642905708,,0,4,,66.5106754931446,37.2,0,1
BE,1999,91.05,,25338.4432934904,,1,41,,81.3594119449727,38.2,1,1
DE,1999,45.19,,27395.9440608051,,0,41,,80.0722584625357,39.1,0,1
DK,1999,50.46,,33346.4884298957,,0,26,,85.0920806648854,37.9,0,1
EL,1999,70.25,,13022.9648774809,,1,18,,72.3911938989336,37.9,1,1
ES,1999,63.05,,15382.3348573373,,0,13,,75.9145056905294,36.4,0,1
FI,1999,30.14,,25999.9861694953,,0,4,,66.1787142075127,38.6,0,1
FR,1999,46.76,,24869.4030795939,,0,41,,75.8918556090764,36.8,0,1
IE,1999,50.21,,24294.8547674007,,0,26,,58.6407683900153,31.8,0,0
IT,1999,69.76,,22365.1837644545,,0,41,,67.0286199053679,39.4,0,1
LU,1999,87.27,,47445.3810812051,,1,41,,,37.1,1,1
NL,1999,30.02,,27924.281808994,,0,41,,76.75231877333,36.7,0,0
PT,1999,39.93,,12199.206385024,,0,13,,53.063097347651,36.9,1,1
SE,1999,38.84,,30605.3669074811,,0,4,,83.9840819295031,38.9,0,1
AT,2004,42.43,,32110.1159661425,,0,9,,66.9263574955092,39.1,0,1
BE,2004,90.81,,30655.2092679024,,1,46,,82.9609538786731,39.6,1,1
CY,2004,72.5,,20252.24609375,,0,0,,68.7120973207373,34.5,1,1
CZ,2004,28.3,,9852.45677945801,,0,0,,73.7649150201353,38.3,1,0
DE,2004,43.0,,30711.1022511331,,0,46,,80.1373116303862,40.9,0,1
DK,2004,47.89,,40519.0974905924,,0,31,,85.4199981689453,38.8,0,1
EE,2004,26.83,,7205.40703313243,,0,0,,67.4341760348669,38.7,1,1
EL,2004,63.22,,18020.612039764,,1,23,,73.432268024093,38.6,1,1
ES,2004,45.14,,21522.0170990262,,0,18,,76.709335590859,38.1,0,1
FI,2004,39.43,,,,0,9,,68.0425549126858,40.1,0,1
FR,2004,42.76,,29479.5222101175,8.5,0,46,,77.4691216035138,38.1,0,1
HU,2004,38.5,,8410.09248198479,,0,0,,64.8452987670898,38.8,1,1
IE,2004,58.58,,41203.5295847568,,0,31,,59.9120142632573,33.0,0,0
IT,2004,71.72,,27577.5700319855,,0,46,,67.4299414611787,41.1,0,1
LT,2004,48.38,,5507.47434187652,,0,0,,66.7596664428711,37.2,1,1
LU,2004,91.35,,65689.3214536911,,1,46,,85.5906295073034,37.7,1,1
LV,2004,41.34,,4914.57992829302,,0,0,,67.9493840506358,38.8,1,0
MT,2004,82.39,,,,0,0,,93.5241031580205,37.4,1,0
NL,2004,39.26,,,,0,46,,81.3011308878582,38.2,0,0
PL,2004,20.87,,5720.81366178104,,0,0,,61.7281374379602,35.9,1,1
PT,2004,38.6,,15797.7821340276,,0,18,,56.5865509520713,38.5,1,1
SE,2004,37.85,,37292.2419727801,,0,9,,84.1954289653543,39.7,0,1
SI,2004,28.35,,,,0,0,,50.7553842628349,39.0,1,1
SK,2004,16.97,,8675.39633696465,,0,0,,55.7386007222942,34.7,1,0
AT,2009,45.97,,51581.3982361071,,0,14,,67.0435560819078,40.9,0,1
BE,2009,90.39,,48303.397956286,,1,51,,84.427037120012,40.7,1,1
BG,2009,38.99,,7271.30338858025,,1,2,,70.902099609375,41.9,1,1
CY,2009,59.4,,35397.296875,,0,5,,67.8666261318649,35.4,1,1
CZ,2009,28.22,,22774.7045076205,,0,5,,73.4655517409377,39.3,1,0
DE,2009,43.27,,46379.1647953479,,0,51,,80.2459549084581,43.2,0,1
DK,2009,59.54,,64616.6657583663,,0,36,,86.583137512207,40.2,0,1
EE,2009,43.9,,18205.9064113446,,0,5,,67.6696980194394,39.8,1,1
EL,2009,52.54,,31695.8331092209,,1,28,,75.615079456679,40.3,1,1
ES,2009,44.87,,35603.248328071,,0,23,,78.0421438998777,39.2,0,1
FI,2009,38.6,,53769.4726240385,,0,14,,69.2943672196361,41.5,0,1
FR,2009,40.63,,,7.4,0,51,,77.1561901569367,39.3,0,1
HU,2009,36.31,,15762.6322515113,,0,5,,68.0976986078883,39.4,1,1
IE,2009,58.64,,61353.1065629523,,0,36,,61.3581903884996,33.4,0,0
IT,2009,66.47,,40828.5795580937,,0,51,,67.9071958431441,42.6,0,1
LT,2009,20.98,,14955.5345462921,,0,5,,,39.6,1,1
LU,2009,90.76,,120422.137934157,,1,51,,87.6037664162874,38.6,1,1
LV,2009,53.7,,15677.6080864506,,0,5,,67.8420335208058,39.9,1,0
MT,2009,78.79,,22315.3104212988,,0,5,,94.0294765354989,39.3,1,0
NL,2009,36.75,,58246.7026905874,,0,51,,85.6149582464487,40.0,0,0
PL,2009,24.53,,14048.5604672654,,0,5,,61.1258760375274,37.3,1,1
PT,2009,36.77,,24949.0413566739,,0,23,,60.3510029424595,40.4,1,1
RO,2009,27.67,,10435.1561230787,,0,2,,53.6297858153706,38.7,1,1
SE,2009,45.53,,55817.1759726485,6.3,0,14,,84.7517366727063,40.6,0,1
SI,2009,28.37,,,,0,5,,50.3620036820409,41.0,1,1
SK,2009,19.64,,18744.3192278346,,0,5,,54.895930446636,36.3,1,0
AT,2014,45.39,,50305.3545774973,5.7,0,19,69.0,67.2981308784247,42.6,0,1
BE,2014,89.64,,46964.5946777056,8.6,1,56,75.0,85.7415410247275,41.1,1,1
BG,2014,35.84,,7795.98092108928,13.9,1,7,41.0,,43.3,1,1
CY,2014,43.97,,27764.73046875,15.9,0,10,63.0,67.2102333625375,36.1,1,1
CZ,2014,18.2,,20260.4954999375,7.0,0,10,48.0,73.1622186934979,40.4,1,0
DE,2014,48.1,,47206.8353514242,4.9,0,56,78.0,80.4732318400362,45.4,0,1
DK,2014,56.32,,61377.5940590412,7.4,0,41,91.0,87.5436524760432,41.0,0,1
EE,2014,36.52,,19310.3874900757,8.6,0,10,68.0,68.0923458296768,,1,1
EL,2014,59.97,,21573.3449762805,27.8,1,33,40.0,77.0951999650171,42.4,1,1
ES,2014,43.81,,29228.846559842,26.1,0,28,59.0,78.9858086902112,41.3,0,1
FI,2014,39.1,,49691.0145200739,8.3,0,19,89.0,70.6742118159277,42.3,0,1
FR,2014,42.43,,42669.1795111893,10.3,0,56,71.0,77.2440721470918,40.6,0,1
HR,2014,25.24,,14134.9474982889,17.3,0,1,48.0,55.3659479687433,42.4,1,1
HU,2014,28.97,,13739.4620151401,9.8,0,10,54.0,69.9277636266638,41.1,1,1
IE,2014,52.44,,52537.6108648692,13.8,0,41,72.0,62.4047157756118,35.4,0,0
IT,2014,57.22,,35701.6746002376,12.4,0,56,43.0,69.3073989916076,44.4,0,1
LT,2014,47.35,,15636.5252586048,11.8,0,10,57.0,67.0092086791992,42.1,1,1
LU,2014,85.55,,120000.140729859,5.9,1,56,80.0,89.9413746679705,39.1,1,1
LV,2014,30.24,,14484.4715282132,11.9,0,10,53.0,67.847334482933,42.1,1,0
MT,2014,74.8,,25415.5566867731,6.1,0,10,56.0,94.3906567856206,40.5,1,0
NL,2014,37.32,,52602.2860520766,8.2,0,56,83.0,89.1749992370605,41.6,0,0
PL,2014,23.83,,13621.9023794031,10.6,0,10,60.0,60.5333187465323,38.8,1,1
PT,2014,33.67,,21676.4859642714,17.2,0,28,62.0,61.1405315215642,42.6,1,1
RO,2014,32.44,,9497.67411615237,9.0,0,7,43.0,53.9101758034365,40.5,1,1
SE,2014,51.07,,60843.9888799369,8.1,0,19,89.0,85.9249771259894,40.9,0,1
SI,2014,24.55,,23236.9655321695,10.1,0,10,57.0,50.0466580754027,42.2,1,1
SK,2014,13.05,,18312.7805149823,14.1,0,10,47.0,54.1384024098892,38.2,1,0
AT,2019,59.8,8.822,51194.0749841299,5.2,0,24,76.0,68.1046787227623,43.2,0,1
BE,2019,88.47,11.399,47487.2100392561,6.0,1,61,75.0,86.8883449485575,41.6,1,1
BG,2019,32.64,6.757,9849.38397225174,6.2,1,12,42.0,73.600212097168,45.4,1,1
CY,2019,44.99,0.879,29120.375,8.4,0,15,59.0,66.8255530496405,38.4,1,1
CZ,2019,28.72,10.61,23705.9329811299,2.2,0,15,59.0,72.8498744351241,42.3,1,0
DE,2019,61.38,82.792,48916.1686612154,3.2,0,61,80.0,81.1423036204018,46.0,0,1
DK,2019,66.08,5.781,61324.7665045565,5.1,0,46,88.0,88.1059762310689,41.8,0,1
EE,2019,37.6,1.319,23618.1361254581,5.4,0,15,73.0,69.2803532930133,42.0,1,1
EL,2019,58.69,10.667,19873.4015238771,19.7,1,38,45.0,78.0490656849874,44.7,1,1
ES,2019,60.73,46.645,30602.4212881113,15.3,0,33,58.0,79.5580057813361,43.5,0,1
FI,2019,40.8,5.513,49654.2497035329,7.5,0,24,85.0,72.3423467740343,42.7,0,1
FR,2019,50.12,67.026,41418.1766484844,9.0,0,61,72.0,78.6714432536599,41.6,0,1
HR,2019,29.85,4.014,15460.3669595491,8.3,0,6,48.0,56.093170097094,44.3,1,1
HU,2019,43.36,9.714,16605.0570511887,3.6,0,15,46.0,70.4711761474609,42.6,1,1
IE,2019,49.7,4.856,80804.1123164826,5.8,0,46,73.0,63.0844503476779,37.3,0,0
IT,2019,54.5,59.938,34904.1081923834,10.6,0,61,52.0,69.4800033569336,46.4,0,1
LT,2019,53.48,2.826,19247.2315367967,6.2,0,15,59.0,67.1464742010457,44.0,1,1
LU,2019,84.24,0.602,116926.759593905,5.6,1,61,81.0,92.6709441899184,39.4,1,1
LV,2019,33.53,1.934,17252.1710428626,7.4,0,15,58.0,68.0160346376376,43.3,1,0
MT,2019,72.7,0.475,33382.2677499267,4.0,0,15,54.0,94.7242373261706,40.4,1,0
NL,2019,41.93,17.181,53955.0770024266,4.9,0,61,82.0,92.6062472401044,42.6,0,0
PL,2019,45.68,37.977,15658.2120316794,3.9,0,15,60.0,60.0533306480907,40.6,1,1
PT,2019,30.75,10.336,23541.1401075289,7.2,0,33,64.0,61.1233069673808,45.0,1,1
RO,2019,51.2,19.533,12416.134317959,5.3,0,12,47.0,53.1445711571868,42.1,1,1
SE,2019,55.27,10.12,54018.4554391861,6.5,0,24,85.0,87.4737430925296,40.6,0,1
SI,2019,28.89,2.067,25888.0481065655,5.1,0,15,60.0,55.1913430955675,43.8,1,1
SK,2019,22.74,5.443,19573.3717031314,6.5,0,15,50.0,53.4881496935559,40.2,1,0
AT,2024,56.25,9.105,56579.504175468,5.1,0,29,71.0,69.2265358276021,43.5,0,1
BE,2024,89.01,11.743,55291.4754541329,5.5,1,66,73.0,87.551492636772,41.9,1,1
BG,2024,33.78,6.448,15853.208636704,4.3,1,17,45.0,73.7322671584613,46.8,1,1
CY,2024,58.86,0.949,36623.69140625,5.8,0,20,53.0,66.6739477522639,40.2,1,1
CZ,2024,36.45,10.828,31761.5944102491,2.6,0,20,57.0,72.7352388396817,43.7,1,0
DE,2024,64.74,83.119,54776.7668235491,3.1,0,66,78.0,81.9034366692129,45.7,0,1
DK,2024,58.25,5.933,68043.5466971243,5.1,0,51,90.0,88.552638542867,42.2,0,1
EE,2024,37.64,1.366,30264.0064885057,6.4,0,20,76.0,70.6770085523126,42.3,1,1
EL,2024,41.24,10.402,23343.7103964562,11.1,1,43,49.0,78.7746303842088,46.6,1,1
ES,2024,46.39,48.085,33493.2225409111,12.2,0,38,60.0,80.128491001856,45.3,0,1
FI,2024,40.38,5.564,52834.2916752703,7.2,0,29,87.0,74.0062548602828,43.5,0,1
FR,2024,51.49,68.436,44700.1384177544,7.3,0,66,71.0,78.7804323126547,42.3,0,1
HR,2024,21.35,3.851,22184.2279304842,6.1,0,11,50.0,57.2431560672198,45.4,1,1
HU,2024,59.46,9.6,22230.6277875187,4.1,0,20,42.0,70.2923026891431,44.2,1,1
IE,2024,50.65,5.271,106818.917130804,4.3,0,51,77.0,64.1152082461268,39.1,0,0
IT,2024,48.31,58.997,39277.0838783918,7.7,0,66,56.0,69.5381540123301,48.4,0,1
LT,2024,28.97,2.857,27786.0057829276,6.9,0,20,61.0,68.575454583199,44.2,1,1
LU,2024,82.29,0.661,133230.619178899,5.2,1,66,78.0,94.8015300320787,39.7,1,1
LV,2024,33.82,1.895,22710.2637544197,6.5,0,20,60.0,68.3586316343061,43.8,1,0
MT,2024,72.98,0.542,40905.8059585057,3.5,0,20,51.0,95.6272277147965,40.1,1,0
NL,2024,46.18,17.811,63515.6030780019,3.6,0,66,79.0,95.3221682092129,42.5,0,0
PL,2024,40.65,36.754,22145.2660647429,2.8,0,20,54.0,59.8859561370214,42.6,1,1
PT,2024,36.47,10.467,27634.6183139773,6.5,0,38,61.0,61.2048652633664,46.9,1,1
RO,2024,52.4,19.055,18244.4186876321,5.6,0,17,46.0,52.1645747011867,43.6,1,1
SE,2024,53.39,10.522,54950.2834725622,7.7,0,29,82.0,88.631216160938,40.8,0,1
SI,2024,41.8,2.117,32660.4753581346,3.7,0,20,56.0,55.5378927789875,44.9,1,1
SK,2024,34.38,5.429,24614.8734642794,5.8,0,20,54.0,53.190805019646,42.2,1,0
