country,year,voter_turnout,population,gdp_per_capita,unemployment_rate,compulsory_voting,years_eu_membership,urbanization_rate,median_age,eu_net_beneficiary,weekend_voting,national_turnout
BE,1979,91.36,9848382,11810.6158754725,6.9595,1,21,74.322408522204,33.8,1,1,94.87
DE,1979,65.73,78126350,11322.3543443813,6.9595,0,21,79.9010417614138,36.7,0,1,90.75
DK,1979,47.82,5116801,13757.2343740839,6.9595,0,6,83.5415443450597,33.8,0,1,85.62
FR,1979,60.71,54979851,11062.5731730373,6.9595,0,21,73.2106388615716,39.6,0,1,84.86
IE,1979,63.61,3373750,5429.96200087479,6.9595,0,6,55.1962073982082,26.5,0,0,76.31
IT,1979,85.65,56317749,7006.39699054556,6.9595,0,21,66.7446863920592,33.7,0,1,90.35
LU,1979,88.91,362856,15204.3308191994,6.9595,1,21,79.9876179763701,35.1,1,1,88.85
NL,1979,58.12,14038270,12817.3790153401,6.9595,0,21,64.8118155336277,30.8,0,0,88.0
BE,1984,92.09,9855520,8846.23429846974,6.9595,1,26,75.9032404323239,34.7,1,1,94.56
DE,1984,56.76,78128282,9900.48559233526,6.9595,0,26,79.956268664942,37.1,0,1,89.09
DK,1984,52.38,5114297,11796.5691955784,6.9595,0,11,84.2721445979129,35.3,0,1,88.44
EL,1984,80.59,9846627,4950.06026518761,6.9595,1,3,70.2569459488594,34.7,1,1,71.76
FR,1984,56.72,56108330,9862.28449386586,6.9595,0,26,73.4180335490284,39.6,0,1,74.45
IE,1984,47.56,3510600,5915.24177164341,6.9595,0,11,56.0017381748838,26.7,0,0,72.86
IT,1984,82.47,56564074,7850.62789042275,6.9595,0,26,66.8849239308828,34.8,0,1,89.02
LU,1984,88.79,365622,12374.0304234408,6.9595,1,26,80.6002239770629,35.3,1,1,88.81
NL,1984,50.88,14367070,10696.0774958682,6.9595,0,26,66.9212225491404,32.2,0,0,80.98
BE,1989,90.73,9901664,16391.093827791,6.9595,1,31,77.8144345775361,35.7,1,1,93.38
DE,1989,62.28,78144619,17996.9783507619,6.9595,0,31,79.9999740753505,38.2,0,1,84.33
DK,1989,46.17,5129516,22524.5792595476,6.9595,0,16,84.8071769133325,36.6,0,1,85.7
EL,1989,80.03,10036983,7492.35204811251,6.9595,1,8,71.191002741708,35.5,1,1,71.76
ES,1989,54.71,38766939,9696.1928538538,6.9595,0,3,74.3709231199409,32.6,0,1,70.01
FR,1989,48.8,57598186,17549.6440487161,6.9595,0,31,73.8329418235332,39.6,0,1,65.74
IE,1989,68.28,3524949,10715.8702780539,6.9595,0,16,56.6660711580872,28.1,0,0,68.51
IT,1989,81.07,56629288,15780.9495122174,6.9595,0,31,66.7512501282587,36.3,0,1,88.86
LU,1989,87.39,373450,25219.3542781732,6.9595,1,31,80.7996431570829,36.2,1,1,87.39
NL,1989,47.48,14760094,17770.6162376388,6.9595,0,31,68.4297717390978,33.8,0,0,80.27
PT,1989,51.1,10019610,5623.69699982123,6.9595,0,3,46.4649972272877,32.7,1,1,72.64
BE,1994,90.66,10084475,22283.9360213551,8.078,1,36,79.6385319631731,36.8,1,1,92.71
DE,1994,60.02,81156363,25616.6508772405,7.675,0,36,80.0325583093694,37.8,0,1,78.97
DK,1994,52.92,5188628,27581.7241097459,10.719,0,21,84.9196035564477,37.4,0,1,84.25
EL,1994,73.18,10460415,10257.3085789073,10.177,1,13,71.8845576676716,36.6,1,1,71.76
ES,1994,59.14,39361262,13330.3798192211,22.156,0,8,75.3443453546763,34.4,0,1,77.05
FR,1994,52.71,59103094,22238.8250618434,11.32,0,36,74.6168782336776,35.3,0,1,67.51
IE,1994,43.98,3576261,14657.0615549805,15.571,0,21,57.4647494894716,30.1,0,0,68.49
IT,1994,73.6,56831821,18781.9529427137,10.212,0,36,66.7268353013949,37.9,0,1,86.14
LU,1994,88.55,397475,40066.7242518773,2.33,1,36,81.4647504350596,36.5,1,1,88.3
NL,1994,35.69,15290368,23156.4404444568,6.287,0,36,69.7586743487312,35.2,0,0,78.75
PT,1994,35.54,9964675,9534.6563637308,5.301,0,8,49.6589521380037,35.2,1,1,68.18
AT,1999,49.4,7976789,27212.4642905708,5.483,0,4,66.5106754931446,37.2,0,1,80.42
BE,1999,91.05,10203008,25338.4432934904,9.322,1,41,81.3594119449727,38.2,1,1,90.57
DE,1999,45.19,82047195,27395.9440608051,9.787,0,41,80.0722584625357,39.1,0,1,82.2
DK,1999,50.46,5304219,33346.4884298957,5.039,0,26,85.0920806648854,37.9,0,1,85.95
EL,1999,70.25,10720509,13022.9648774809,12.227,1,18,72.3911938989336,37.9,1,1,71.76
ES,1999,63.05,40223509,15382.3348573373,18.673,0,13,75.9145056905294,36.4,0,1,78.06
FI,1999,30.14,5153498,25999.9861694953,13.214,0,4,66.1787142075127,38.6,0,1,65.27
FR,1999,46.76,60190684,24869.4030795939,12.074,0,41,75.8918556090764,36.8,0,1,67.92
IE,1999,50.21,3712696,24294.8547674007,7.699,0,26,58.6407683900153,31.8,0,0,65.92
IT,1999,69.76,56906744,22365.1837644545,12.117,0,41,67.0286199053679,39.4,0,1,82.91
LU,1999,87.27,424700,47445.3810812051,2.763,1,41,83.5316200221732,37.1,1,1,86.51
NL,1999,30.02,15707209,27924.281808994,4.394,0,41,76.75231877333,36.7,0,0,73.23
PT,1999,39.93,10160196,12199.206385024,4.64,0,13,53.063097347651,36.9,1,1,61.05
SE,1999,38.84,8850974,30605.3669074811,8.941,0,4,83.9840819295031,38.9,0,1,81.39
AT,2004,42.43,8121423,32110.1159661425,4.779,0,9,66.9263574955092,39.1,0,1,84.27
BE,2004,90.81,10376133,30655.2092679024,7.68,1,46,82.9609538786731,39.6,1,1,91.63
CY,2004,72.5,999590,20252.24609375,4.153,0,0,68.7120973207373,34.5,1,1,91.75
CZ,2004,28.3,10193998,9852.45677945801,7.777,0,0,73.7649150201353,38.3,1,0,57.95
DE,2004,43.0,82534176,30711.1022511331,9.779,0,46,80.1373116303862,40.9,0,1,79.08
DK,2004,47.89,5390574,40519.0974905924,5.398,0,31,85.4199981689453,38.8,0,1,87.15
EE,2004,26.83,1370720,7205.40703313243,11.288,0,0,67.4341760348669,38.7,1,1,58.24
EL,2004,63.22,10928070,18020.612039764,9.839,1,23,73.432268024093,38.6,1,1,71.76
ES,2004,45.14,42187645,21522.0170990262,11.283,0,18,76.709335590859,38.1,0,1,75.66
FI,2004,39.43,5213014,32920.0857192568,10.469,0,9,68.0425549126858,40.1,0,1,66.71
FR,2004,42.76,62249855,29479.5222101175,8.306,0,46,77.4691216035138,38.1,0,1,60.32
HU,2004,38.5,10129552,8410.09248198479,5.79,0,0,64.8452987670898,38.8,1,1,70.52
IE,2004,58.58,3996521,41203.5295847568,4.478,0,31,59.9120142632573,33.0,0,0,62.57
IT,2004,71.72,57399184,27577.5700319855,8.869,0,46,67.4299414611787,41.1,0,1,81.44
LT,2004,48.38,3415213,5507.47434187652,12.874,0,0,66.7596664428711,37.2,1,1,46.04
LU,2004,91.35,451630,65689.3214536911,3.675,1,46,85.5906295073034,37.7,1,1,91.68
LV,2004,41.34,2287955,4914.57992829302,12.061,0,0,67.9493840506358,38.8,1,0,71.17
MT,2004,82.39,398582,13593.9787155682,7.488,0,0,93.5241031580205,37.4,1,0,95.7
NL,2004,39.26,16225302,35896.7504630706,3.593,0,46,81.3011308878582,38.2,0,0,80.04
PL,2004,20.87,38204570,5720.81366178104,19.899,0,0,61.7281374379602,35.9,1,1,46.18
PT,2004,38.6,10458821,15797.7821340276,6.132,0,18,56.5865509520713,38.5,1,1,62.84
SE,2004,37.85,8958229,37292.2419727801,5.555,0,9,84.1954289653543,39.7,0,1,80.11
SI,2004,28.35,1995733,14711.674874253,6.479,0,0,50.7553842628349,39.0,1,1,60.64
SK,2004,16.97,5373374,8675.39633696465,17.549,0,0,55.7386007222942,34.7,1,0,70.07
AT,2009,45.97,8321496,51581.3982361071,4.198,0,14,67.0435560819078,40.9,0,1,78.81
BE,2009,90.39,10709973,48303.397956286,6.976,1,51,84.427037120012,40.7,1,1,91.08
BG,2009,38.99,7492561,7271.30338858025,5.609,1,2,70.902099609375,41.9,1,1,60.64
CY,2009,59.4,1091026,35397.296875,3.756,0,5,67.8666261318649,35.4,1,1,89.0
CZ,2009,28.22,10384603,22774.7045076205,4.392,0,5,73.4655517409377,39.3,1,0,64.47
DE,2009,43.27,82110097,46379.1647953479,7.508,0,51,80.2459549084581,43.2,0,1,70.78
DK,2009,59.54,5493621,64616.6657583663,3.683,0,36,86.583137512207,40.2,0,1,86.59
EE,2009,43.9,1337090,18205.9064113446,5.455,0,5,67.6696980194394,39.8,1,1,61.91
EL,2009,52.54,11077841,31695.8331092209,7.664,1,28,75.615079456679,40.3,1,1,71.76
ES,2009,44.87,45954106,35603.248328071,11.254,0,23,78.0421438998777,39.2,0,1,75.32
FI,2009,38.6,5313399,53769.4726240385,6.369,0,14,69.2943672196361,41.5,0,1,65.02
FR,2009,40.63,64375116,45464.8181385158,7.386,0,51,77.1561901569367,39.3,0,1,60.42
HU,2009,36.31,10038188,15762.6322515113,7.817,0,5,68.0976986078883,39.4,1,1,67.57
IE,2009,58.64,4489544,61353.1065629523,6.774,0,36,61.3581903884996,33.4,0,0,67.03
IT,2009,66.47,59211181,40828.5795580937,6.723,0,51,67.9071958431441,42.6,0,1,80.54
LT,2009,20.98,3198231,14955.5345462921,5.826,0,5,66.7527770996094,39.6,1,1,48.59
LU,2009,90.76,488650,120422.137934157,5.06,1,51,87.6037664162874,38.6,1,1,90.93
LV,2009,53.7,2177322,15677.6080864506,7.739,0,5,67.8420335208058,39.9,1,0,60.98
MT,2009,78.79,409379,22315.3104212988,5.977,0,5,94.0294765354989,39.3,1,0,93.3
NL,2009,36.75,16445593,58246.7026905874,3.658,0,51,85.6149582464487,40.0,0,0,80.35
PL,2009,24.53,38125759,14048.5604672654,7.069,0,5,61.1258760375274,37.3,1,1,53.88
PT,2009,36.77,10558177,24949.0413566739,7.553,0,23,60.3510029424595,40.4,1,1,59.68
RO,2009,27.67,20537875,10435.1561230787,5.787,0,2,53.6297858153706,38.7,1,1,39.2
SE,2009,45.53,9219637,55817.1759726485,6.235,0,14,84.7517366727063,40.6,0,1,81.99
SI,2009,28.37,2021316,27461.9764165315,4.371,0,5,50.3620036820409,41.0,1,1,63.1
SK,2009,19.64,5379233,18744.3192278346,9.514,0,5,54.895930446636,36.3,1,0,54.67
AT,2014,45.39,8479823,50305.3545774973,5.367,0,19,67.2981308784247,42.6,0,1,74.91
BE,2014,89.64,11159407,46964.5946777056,8.425,1,56,85.7415410247275,41.1,1,1,89.37
BG,2014,35.84,7160005,7795.98092108928,12.941,1,7,72.9632821572019,43.3,1,1,51.05
CY,2014,43.97,1183895,27764.73046875,16.131,0,10,67.2102333625375,36.1,1,1,78.7
CZ,2014,18.2,10514272,20260.4954999375,6.953,0,10,73.1622186934979,40.4,1,0,59.48
DE,2014,48.1,80645605,47206.8353514242,5.316,0,56,80.4732318400362,45.4,0,1,71.53
DK,2014,56.32,5614932,61377.5940590412,7.384,0,41,87.5436524760432,41.0,0,1,87.74
EE,2014,36.52,1317997,19310.3874900757,8.631,0,10,68.0923458296768,39.6,1,1,63.53
EL,2014,59.97,10965211,21573.3449762805,27.686,1,33,77.0951999650171,42.4,1,1,71.76
ES,2014,43.81,46604197,29228.846559842,26.094,0,28,78.9858086902112,41.3,0,1,68.94
FI,2014,39.1,5438972,49691.0145200739,8.193,0,19,70.6742118159277,42.3,0,1,67.37
FR,2014,42.43,65997932,42669.1795111893,9.913,0,56,77.2440721470918,40.6,0,1,57.22
HR,2014,25.24,4233922,14134.9474982889,17.231,0,1,55.3659479687433,42.4,1,1,54.17
HU,2014,28.97,9872734,13739.4620151401,10.177,0,10,69.9277636266638,41.1,1,1,61.84
IE,2014,52.44,4623816,52537.6108648692,13.735,0,41,62.4047157756118,35.4,0,0,69.9
IT,2014,57.22,60311613,35701.6746002376,12.149,0,56,69.3073989916076,44.4,0,1,75.19
LT,2014,47.35,2961250,15636.5252586048,11.77,0,10,67.0092086791992,42.1,1,1,52.93
LU,2014,85.55,543360,120000.140729859,6.045,1,56,89.9413746679705,39.1,1,1,91.15
LV,2014,30.24,2012647,14484.4715282132,11.867,0,10,67.847334482933,42.1,1,0,58.8
MT,2014,74.8,424810,25415.5566867731,6.115,0,10,94.3906567856206,40.5,1,0,92.95
NL,2014,37.32,16804432,52602.2860520766,7.241,0,56,89.1749992370605,41.6,0,0,74.56
PL,2014,23.83,38040196,13621.9023794031,10.293,0,10,60.5333187465323,38.8,1,1,48.92
PT,2014,33.67,10457295,21676.4859642714,16.237,0,28,61.1405315215642,42.6,1,1,58.03
RO,2014,32.44,19983693,9497.67411615237,7.096,0,7,53.9101758034365,40.5,1,1,41.76
SE,2014,51.07,9600379,60843.9888799369,8.052,0,19,85.9249771259894,40.9,0,1,85.81
SI,2014,24.55,2059953,23236.9655321695,10.103,0,10,50.0466580754027,42.2,1,1,51.73
SK,2014,13.05,5413393,18312.7805149823,14.226,0,10,54.1384024098892,38.2,1,0,59.11
AT,2019,59.8,8840521,51194.0749841299,4.933,0,24,68.1046787227623,43.2,0,1,75.59
BE,2019,88.47,11427054,47487.2100392561,5.941,1,61,86.8883449485575,41.6,1,1,88.38
BG,2019,32.64,6710798,9849.38397225174,5.211,1,12,73.600212097168,45.4,1,1,53.85
CY,2019,44.99,1270737,29120.375,8.504,0,15,66.8255530496405,38.4,1,1,66.74
CZ,2019,28.72,10629928,23705.9329811299,2.246,0,15,72.8498744351241,42.3,1,0,60.84
DE,2019,61.38,82905782,48916.1686612154,3.384,0,61,81.1423036204018,46.0,0,1,76.15
DK,2019,66.08,5793636,61324.7665045565,5.131,0,46,88.1059762310689,41.8,0,1,84.6
EE,2019,37.6,1321977,23618.1361254581,5.412,0,15,69.2803532930133,42.0,1,1,63.67
EL,2019,58.69,10732882,19873.4015238771,19.179,1,38,78.0490656849874,44.7,1,1,71.76
ES,2019,60.73,46782011,30602.4212881113,15.255,0,33,79.5580057813361,43.5,0,1,71.76
FI,2019,40.8,5515525,49654.2497035329,7.361,0,24,72.3423467740343,42.7,0,1,68.73
FR,2019,50.12,67158348,41418.1766484844,9.018,0,61,78.6714432536599,41.6,0,1,42.64
HR,2019,29.85,3988775,15460.3669595491,8.322,0,6,56.093170097094,44.3,1,1,52.59
HU,2019,43.36,9706964,16605.0570511887,3.667,0,15,70.4711761474609,42.6,1,1,69.67
IE,2019,49.7,4898022,80804.1123164826,5.741,0,46,63.0844503476779,37.3,0,0,65.09
IT,2019,54.5,60148658,34904.1081923834,10.538,0,61,69.4800033569336,46.4,0,1,72.93
LT,2019,53.48,2819200,19247.2315367967,6.147,0,15,67.1464742010457,44.0,1,1,50.64
LU,2019,84.24,607950,116926.759593905,5.589,1,61,92.6709441899184,39.4,1,1,89.66
LV,2019,33.53,1927174,17252.1710428626,7.412,0,15,68.0160346376376,43.3,1,0,54.58
MT,2019,72.7,483903,33382.2677499267,3.956,0,15,94.7242373261706,40.4,1,0,92.06
NL,2019,41.93,17231624,53955.0770024266,3.832,0,61,92.6062472401044,42.6,0,0,81.93
PL,2019,45.68,37974750,15658.2120316794,3.835,0,15,60.0533306480907,40.6,1,1,61.74
PT,2019,30.75,10283822,23541.1401075289,6.966,0,33,61.1233069673808,45.0,1,1,48.57
RO,2019,51.2,19473970,12416.134317959,4.187,0,12,53.1445711571868,42.1,1,1,37.79
SE,2019,55.27,10175214,54018.4554391861,6.365,0,24,87.4737430925296,40.6,0,1,87.18
SI,2019,28.89,2073894,25888.0481065655,5.108,0,15,55.1913430955675,43.8,1,1,52.64
SK,2019,22.74,5446771,19573.3717031314,6.544,0,15,53.4881496935559,40.2,1,0,59.82
AT,2024,56.25,9131761,56579.504175468,5.264,0,29,69.2265358276021,43.5,0,1,76.25
BE,2024,89.01,11779946,55291.4754541329,5.547,1,66,87.551492636772,41.9,1,1,87.42
BG,2024,33.78,6446596,15853.208636704,4.319,1,17,73.7322671584613,46.8,1,1,34.41
CY,2024,58.86,1344976,36623.69140625,5.835,0,20,66.6739477522639,40.2,1,1,65.72
CZ,2024,36.45,10864042,31761.5944102491,2.579,0,20,72.7352388396817,43.7,1,0,65.39
DE,2024,64.74,83287273,54776.7668235491,3.071,0,66,81.9034366692129,45.7,0,1,76.58
DK,2024,58.25,5946952,68043.5466971243,5.094,0,51,88.552638542867,42.2,0,1,84.16
EE,2024,37.64,1370286,30264.0064885057,6.378,0,20,70.6770085523126,42.3,1,1,63.53
EL,2024,41.24,10407351,23343.7103964562,11.023,1,43,78.7746303842088,46.6,1,1,71.76
ES,2024,46.39,48352528,33493.2225409111,12.179,0,38,80.128491001856,45.3,0,1,66.59
FI,2024,40.38,5583911,52834.2916752703,7.149,0,29,74.0062548602828,43.5,0,1,68.5
FR,2024,51.49,68372286,44700.1384177544,7.335,0,66,78.7804323126547,42.3,0,1,66.63
HR,2024,21.35,3859686,22184.2279304842,6.121,0,11,57.2431560672198,45.4,1,1,62.3
HU,2024,59.46,9592186,22230.6277875187,4.096,0,20,70.2923026891431,44.2,1,1,69.59
IE,2024,50.65,5311538,106818.917130804,4.243,0,51,64.1152082461268,39.1,0,0,59.7
IT,2024,48.31,58984216,39277.0838783918,7.627,0,66,69.5381540123301,48.4,0,1,63.79
LT,2024,28.97,2871585,27786.0057829276,6.841,0,20,68.575454583199,44.2,1,1,52.04
LU,2024,82.29,666430,133230.619178899,5.184,1,66,94.8015300320787,39.7,1,1,87.18
LV,2024,33.82,1883710,22710.2637544197,6.465,0,20,68.3586316343061,43.8,1,0,59.43
MT,2024,72.98,552747,40905.8059585057,3.479,0,20,95.6272277147965,40.1,1,0,85.63
NL,2024,46.18,17877117,63515.6030780019,3.535,0,66,95.3221682092129,42.5,0,0,77.74
PL,2024,40.65,36687353,22145.2660647429,2.743,0,20,59.8859561370214,42.6,1,1,74.38
PT,2024,36.47,10578174,27634.6183139773,6.498,0,38,61.2048652633664,46.9,1,1,59.9
RO,2024,52.4,19061062,18244.4186876321,5.589,0,17,52.1645747011867,43.6,1,1,52.33
SE,2024,53.39,10536632,54950.2834725622,7.611,0,29,88.631216160938,40.8,0,1,84.21
SI,2024,41.8,2120461,32660.4753581346,3.652,0,20,55.5378927789875,44.9,1,1,70.97
SK,2024,34.38,5426740,24614.8734642794,5.843,0,20,53.190805019646,42.2,1,0,68.52
